[{"id":1,"first_name":"Wilfred","last_name":"Abbison","email":"wabbison0@ucsd.edu","gender":"Laki-laki","register_date":"7/11/2020"},
{"id":2,"first_name":"Andie","last_name":"Bloxsom","email":"abloxsom1@sphinn.com","gender":"Perempuan","register_date":"1/22/2020"},
{"id":3,"first_name":"King","last_name":"Pendlington","email":"kpendlington2@netvibes.com","gender":"Laki-laki","register_date":"2/15/2020"},
{"id":4,"first_name":"Vern","last_name":"Grewer","email":"vgrewer3@networksolutions.com","gender":"Laki-laki","register_date":"3/18/2020"},
{"id":5,"first_name":"Reinaldos","last_name":"Tredger","email":"rtredger4@cbslocal.com","gender":"Laki-laki","register_date":"9/18/2020"},
{"id":6,"first_name":"Mahala","last_name":"Janning","email":"mjanning5@tmall.com","gender":"Perempuan","register_date":"4/12/2020"},
{"id":7,"first_name":"Celestine","last_name":"Chelnam","email":"cchelnam6@noaa.gov","gender":"Perempuan","register_date":"10/14/2020"},
{"id":8,"first_name":"Kippar","last_name":"Pottery","email":"kpottery7@360.cn","gender":"Laki-laki","register_date":"10/18/2020"},
{"id":9,"first_name":"Margarete","last_name":"Steedman","email":"msteedman8@wiley.com","gender":"Perempuan","register_date":"10/24/2020"},
{"id":10,"first_name":"Quinta","last_name":"Trail","email":"qtrail9@digg.com","gender":"Perempuan","register_date":"7/31/2020"},
{"id":11,"first_name":"Phaedra","last_name":"Jirsa","email":"pjirsaa@google.de","gender":"Perempuan","register_date":"4/20/2020"},
{"id":12,"first_name":"Ettie","last_name":"Vanacci","email":"evanaccib@ed.gov","gender":"Perempuan","register_date":"7/29/2020"},
{"id":13,"first_name":"Lian","last_name":"Hanbidge","email":"lhanbidgec@unc.edu","gender":"Perempuan","register_date":"5/25/2020"},
{"id":14,"first_name":"Stephana","last_name":"Stubbin","email":"sstubbind@amazon.de","gender":"Perempuan","register_date":"4/23/2020"},
{"id":15,"first_name":"Ulberto","last_name":"Linning","email":"ulinninge@biglobe.ne.jp","gender":"Laki-laki","register_date":"7/19/2020"},
{"id":16,"first_name":"Titus","last_name":"Habershaw","email":"thabershawf@about.me","gender":"Laki-laki","register_date":"6/30/2020"},
{"id":17,"first_name":"Cicily","last_name":"Cavet","email":"ccavetg@deliciousdays.com","gender":"Perempuan","register_date":"8/13/2020"},
{"id":18,"first_name":"Concettina","last_name":"Hansman","email":"chansmanh@amazon.co.uk","gender":"Perempuan","register_date":"9/29/2020"},
{"id":19,"first_name":"Peri","last_name":"Hellwig","email":"phellwigi@comcast.net","gender":"Perempuan","register_date":"8/26/2020"},
{"id":20,"first_name":"Anabel","last_name":"Dederich","email":"adederichj@live.com","gender":"Perempuan","register_date":"10/11/2020"},
{"id":21,"first_name":"Benny","last_name":"Duffield","email":"bduffieldk@xing.com","gender":"Perempuan","register_date":"4/19/2020"},
{"id":22,"first_name":"Blaine","last_name":"Caraher","email":"bcaraherl@columbia.edu","gender":"Laki-laki","register_date":"6/14/2020"},
{"id":23,"first_name":"Michelle","last_name":"Youthead","email":"myoutheadm@nyu.edu","gender":"Perempuan","register_date":"4/11/2020"},
{"id":24,"first_name":"Dall","last_name":"Mullarkey","email":"dmullarkeyn@360.cn","gender":"Laki-laki","register_date":"4/27/2020"},
{"id":25,"first_name":"Donn","last_name":"Boyn","email":"dboyno@bravesites.com","gender":"Laki-laki","register_date":"1/31/2020"},
{"id":26,"first_name":"Salome","last_name":"Mahady","email":"smahadyp@gov.uk","gender":"Perempuan","register_date":"1/10/2020"},
{"id":27,"first_name":"Binny","last_name":"Rottcher","email":"brottcherq@smh.com.au","gender":"Perempuan","register_date":"1/2/2020"},
{"id":28,"first_name":"Heath","last_name":"Presnell","email":"hpresnellr@ed.gov","gender":"Perempuan","register_date":"4/13/2020"},
{"id":29,"first_name":"Dorisa","last_name":"Purshouse","email":"dpurshouses@feedburner.com","gender":"Perempuan","register_date":"1/29/2020"},
{"id":30,"first_name":"Clarice","last_name":"Seger","email":"csegert@examiner.com","gender":"Perempuan","register_date":"11/17/2020"},
{"id":31,"first_name":"Tamara","last_name":"Keveren","email":"tkeverenu@adobe.com","gender":"Perempuan","register_date":"6/13/2020"},
{"id":32,"first_name":"Aaren","last_name":"Blakeston","email":"ablakestonv@squarespace.com","gender":"Perempuan","register_date":"5/18/2020"},
{"id":33,"first_name":"Keen","last_name":"Benito","email":"kbenitow@163.com","gender":"Laki-laki","register_date":"5/8/2020"},
{"id":34,"first_name":"Gabriela","last_name":"Van Rembrandt","email":"gvanrembrandtx@vinaora.com","gender":"Perempuan","register_date":"12/28/2019"},
{"id":35,"first_name":"Frederik","last_name":"Lawfull","email":"flawfully@smugmug.com","gender":"Laki-laki","register_date":"2/20/2020"},
{"id":36,"first_name":"Claudell","last_name":"Kardos","email":"ckardosz@meetup.com","gender":"Laki-laki","register_date":"2/15/2020"},
{"id":37,"first_name":"Ludovika","last_name":"McMeanma","email":"lmcmeanma10@bizjournals.com","gender":"Perempuan","register_date":"2/5/2020"},
{"id":38,"first_name":"Adair","last_name":"Laurentino","email":"alaurentino11@businessweek.com","gender":"Laki-laki","register_date":"9/18/2020"},
{"id":39,"first_name":"Demetris","last_name":"Llywarch","email":"dllywarch12@xing.com","gender":"Perempuan","register_date":"11/28/2020"},
{"id":40,"first_name":"Jazmin","last_name":"Butterley","email":"jbutterley13@tripadvisor.com","gender":"Perempuan","register_date":"6/27/2020"},
{"id":41,"first_name":"Seka","last_name":"Runnacles","email":"srunnacles14@pcworld.com","gender":"Perempuan","register_date":"11/2/2020"},
{"id":42,"first_name":"Belinda","last_name":"McCarver","email":"bmccarver15@jalbum.net","gender":"Perempuan","register_date":"8/20/2020"},
{"id":43,"first_name":"Rodina","last_name":"Weatherhogg","email":"rweatherhogg16@creativecommons.org","gender":"Perempuan","register_date":"2/27/2020"},
{"id":44,"first_name":"Kaylil","last_name":"Leckey","email":"kleckey17@angelfire.com","gender":"Perempuan","register_date":"4/24/2020"},
{"id":45,"first_name":"Berta","last_name":"Gives","email":"bgives18@rediff.com","gender":"Perempuan","register_date":"3/15/2020"},
{"id":46,"first_name":"Pamela","last_name":"Stuttman","email":"pstuttman19@cdc.gov","gender":"Perempuan","register_date":"12/16/2019"},
{"id":47,"first_name":"Colby","last_name":"Castanos","email":"ccastanos1a@pbs.org","gender":"Laki-laki","register_date":"1/25/2020"},
{"id":48,"first_name":"Glenine","last_name":"Ashbridge","email":"gashbridge1b@washington.edu","gender":"Perempuan","register_date":"8/8/2020"},
{"id":49,"first_name":"Adey","last_name":"MacAllister","email":"amacallister1c@tmall.com","gender":"Perempuan","register_date":"10/31/2020"},
{"id":50,"first_name":"Wilden","last_name":"Brewers","email":"wbrewers1d@goo.ne.jp","gender":"Laki-laki","register_date":"8/27/2020"}]